"Status","Start Time","Stop Time","Duration in ms","Parent Suite","Suite","Sub Suite","Test Class","Test Method","Name","Description"
"passed","Sat Jan 11 22:51:56 CET 2020","Sat Jan 11 22:51:56 CET 2020","310","TestCases","Test_For10Clouds","","","","test_4_add_post_reqres",""
"passed","Sat Jan 11 22:51:56 CET 2020","Sat Jan 11 22:51:59 CET 2020","2533","TestCases","Test_For10Clouds","","","","test_5_update_post",""
"passed","Sat Jan 11 22:52:01 CET 2020","Sat Jan 11 22:52:01 CET 2020","180","TestCases","Test_For10Clouds","","","","test_7_1_get_deleted_object",""
"passed","Sat Jan 11 22:51:54 CET 2020","Sat Jan 11 22:51:55 CET 2020","370","TestCases","Test_For10Clouds","","","","test_1_1_get_exact_comments_from_post_13_",""
"passed","Sat Jan 11 22:51:59 CET 2020","Sat Jan 11 22:51:59 CET 2020","369","TestCases","Test_For10Clouds","","","","test_6_update_post_reqres",""
"passed","Sat Jan 11 22:51:56 CET 2020","Sat Jan 11 22:51:56 CET 2020","202","TestCases","Test_For10Clouds","","","","test_3_1_get_new_created_post_",""
"passed","Sat Jan 11 22:51:55 CET 2020","Sat Jan 11 22:51:56 CET 2020","733","TestCases","Test_For10Clouds","","","","test_3_add_post",""
"failed","Sat Jan 11 22:51:59 CET 2020","Sat Jan 11 22:52:01 CET 2020","1950","TestCases","Test_For10Clouds","","","","test_7_delete_object",""
"passed","Sat Jan 11 22:51:55 CET 2020","Sat Jan 11 22:51:55 CET 2020","316","TestCases","Test_For10Clouds","","","","test_2_get_exact_first_name_from_post_reqres",""
"failed","Sat Jan 11 22:52:01 CET 2020","Sat Jan 11 22:52:02 CET 2020","363","TestCases","Test_For10Clouds","","","","test_8_delete_object_reqres",""
"passed","Sat Jan 11 22:52:02 CET 2020","Sat Jan 11 22:52:03 CET 2020","1135","TestCases","Test_For10Clouds","","","","test_9_delete_object_reqres___",""
"passed","Sat Jan 11 22:51:54 CET 2020","Sat Jan 11 22:51:54 CET 2020","202","TestCases","Test_For10Clouds","","","","test_1_get_post_13_",""
